user_id,sleep_date,TotalSleepRecords,TotalMinutesAsleep,TotalTimeInBed,SleepEfficiency,activity_date,TotalSteps,TotalDistance,Calories,VeryActiveMinutes,FairlyActiveMinutes,LightlyActiveMinutes,SedentaryMinutes,TotalActiveMinutes,ActiveMinutesShare,CaloriesPerStep,VeryActiveShare,UserMeanSleepEfficiency,SleepEfficiencyDeviation
1503960366,2016-04-12,1,327,346,0.9450867052023122,2016-04-11,13162,8.5,1985,25,13,328,728,366,0.33455210237659966,0.15081294636073544,0.06830601092896176,0.9363853096202286,0.008701395582083604
1503960366,2016-04-13,2,384,407,0.9434889434889436,2016-04-12,10735,6.96999979019165,1797,21,19,217,776,257,0.24878993223620524,0.16739636702375407,0.08171206225680934,0.9363853096202286,0.007103633868715042
1503960366,2016-04-15,1,412,442,0.9321266968325792,2016-04-14,9762,6.28000020980835,1745,29,34,209,726,272,0.2725450901803607,0.1787543536160623,0.10661764705882353,0.9363853096202286,-0.004258612787649385
1503960366,2016-04-16,2,340,367,0.9264305177111716,2016-04-15,12669,8.15999984741211,1863,36,10,221,773,267,0.2567307692307692,0.14705185886810324,0.1348314606741573,0.9363853096202286,-0.009954791909057015
1503960366,2016-04-17,1,700,712,0.9831460674157304,2016-04-16,9705,6.48000001907349,1728,38,20,164,539,222,0.29172141918528255,0.17805255023183925,0.17117117117117117,0.9363853096202286,0.04676075779550182
1503960366,2016-04-19,1,304,320,0.95,2016-04-18,15506,9.88000011444092,2035,50,31,264,775,345,0.3080357142857143,0.13123952018573457,0.14492753623188406,0.9363853096202286,0.013614690379771366
1503960366,2016-04-20,1,360,377,0.9549071618037136,2016-04-19,10544,6.67999982833862,1786,28,12,205,818,245,0.23047977422389465,0.16938543247344462,0.11428571428571428,0.9363853096202286,0.01852185218348501
1503960366,2016-04-21,1,325,364,0.8928571428571429,2016-04-20,9819,6.34000015258789,1775,19,8,211,838,238,0.2211895910780669,0.1807719727059782,0.07983193277310924,0.9363853096202286,-0.043528166763085685
1503960366,2016-04-23,1,361,384,0.9401041666666666,2016-04-22,14371,9.03999996185303,1949,41,21,262,732,324,0.3068181818181818,0.1356203465312087,0.12654320987654322,0.9363853096202286,0.00371885704643804
1503960366,2016-04-24,1,430,449,0.9576837416481068,2016-04-23,10039,6.40999984741211,1788,39,5,238,709,282,0.28456104944500504,0.17810538898296643,0.13829787234042554,0.9363853096202286,0.021298432027878178
1503960366,2016-04-25,1,277,323,0.8575851393188855,2016-04-24,15355,9.80000019073486,2013,73,14,216,814,303,0.2712623097582811,0.13109736242266362,0.24092409240924093,0.9363853096202286,-0.07880017030134312
1503960366,2016-04-26,1,245,274,0.8941605839416058,2016-04-25,13755,8.78999996185303,1970,31,23,279,833,333,0.2855917667238422,0.14322064703744092,0.09309309309309309,0.9363853096202286,-0.04222472567862279
1503960366,2016-04-28,1,366,393,0.931297709923664,2016-04-27,13154,8.52999973297119,1898,48,28,189,782,265,0.2531041069723018,0.14429071005017485,0.1811320754716981,0.9363853096202286,-0.005087599696564582
1503960366,2016-04-29,1,341,354,0.963276836158192,2016-04-28,11181,7.15000009536743,1837,16,12,243,815,271,0.24953959484346225,0.164296574546105,0.05904059040590406,0.9363853096202286,0.02689152653796345
1503960366,2016-04-30,1,404,425,0.9505882352941176,2016-04-29,14673,9.25,1947,52,34,217,712,303,0.29852216748768473,0.13269270087916582,0.1716171617161716,0.9363853096202286,0.014202925673889033
1503960366,2016-05-01,1,369,396,0.9318181818181818,2016-04-30,10602,6.80999994277954,1820,33,35,246,730,314,0.3007662835249042,0.17166572344840597,0.10509554140127389,0.9363853096202286,-0.004567127802046822
1503960366,2016-05-02,1,277,309,0.8964401294498382,2016-05-01,14727,9.71000003814697,2004,41,15,277,798,333,0.29442970822281167,0.1360765940110002,0.12312312312312312,0.9363853096202286,-0.03994518017039039
1503960366,2016-05-03,1,273,296,0.9222972972972971,2016-05-02,15103,9.65999984741211,1990,50,24,254,816,328,0.2867132867132867,0.13176190160895188,0.1524390243902439,0.9363853096202286,-0.014088012322931442
1503960366,2016-05-05,1,247,264,0.9356060606060606,2016-05-04,14070,8.89999961853027,1959,45,24,250,857,319,0.27125850340136054,0.13923240938166312,0.14106583072100312,0.9363853096202286,-0.0007792490141680375
1503960366,2016-05-06,1,334,367,0.9100817438692098,2016-05-05,12159,8.02999973297119,1896,24,6,289,754,319,0.2972972972972973,0.15593387614113002,0.07523510971786834,0.9363853096202286,-0.026303565751018776
1503960366,2016-05-07,1,331,349,0.9484240687679084,2016-05-06,11992,7.71000003814697,1821,37,46,175,833,258,0.23648029330889092,0.15185123415610408,0.1434108527131783,0.9363853096202286,0.012038759147679823
1503960366,2016-05-08,1,594,611,0.972176759410802,2016-05-07,10060,6.57999992370605,1740,44,8,203,574,255,0.30759951749095293,0.17296222664015903,0.17254901960784313,0.9363853096202286,0.03579144979057336
1503960366,2016-05-09,1,338,342,0.9883040935672516,2016-05-08,12022,7.71999979019165,1819,46,11,206,835,263,0.2395264116575592,0.15130593911162868,0.17490494296577946,0.9363853096202286,0.051918783947022984
1503960366,2016-05-10,1,383,403,0.9503722084367244,2016-05-09,12207,7.76999998092651,1859,46,31,214,746,291,0.2806171648987464,0.15228966986155484,0.15807560137457044,0.9363853096202286,0.01398689881649584
1503960366,2016-05-11,1,285,306,0.931372549019608,2016-05-10,12770,8.13000011444092,1783,36,23,251,669,310,0.3166496424923391,0.13962411902897415,0.11612903225806452,0.9363853096202286,-0.005012760600620614
1644430081,2016-04-29,1,119,127,0.937007874015748,2016-04-28,3176,2.30999994277954,2498,0,0,120,1193,120,0.0913937547600914,0.7865239294710328,0.0,0.8820403876004859,0.05496748641526217
1644430081,2016-04-30,1,124,142,0.8732394366197183,2016-04-29,18213,13.2399997711182,3846,9,71,402,816,482,0.3713405238828968,0.2111678471421512,0.01867219917012448,0.8820403876004859,-0.008800950980767608
1644430081,2016-05-02,1,796,961,0.8283038501560874,2016-05-01,3758,2.73000001907349,2580,1,7,148,682,156,0.18615751789976134,0.6865353911655135,0.00641025641025641,0.8820403876004859,-0.053736537444398436
1644430081,2016-05-08,1,137,154,0.8896103896103896,2016-05-07,6724,4.8899998664856,2987,0,0,295,991,295,0.22939346811819597,0.4442296252230815,0.0,0.8820403876004859,0.007570002009903765
1844505072,2016-04-15,1,644,961,0.6701352757544224,2016-04-14,3844,2.53999996185303,1725,0,0,176,527,176,0.2503556187766714,0.4487513007284079,0.0,0.6784599375650364,-0.008324661810613976
1844505072,2016-04-30,1,722,961,0.7513007284079084,2016-04-29,4014,2.67000007629395,1763,0,0,184,218,184,0.4577114427860697,0.4392127553562531,0.0,0.6784599375650364,0.07284079084287198
1844505072,2016-05-01,1,590,961,0.6139438085327783,2016-04-30,2573,1.70000004768372,1541,0,7,75,585,82,0.12293853073463268,0.5989117761368052,0.0,0.6784599375650364,-0.06451612903225812
1927972279,2016-04-12,3,750,775,0.967741935483871,2016-04-11,678,0.469999998807907,2220,0,0,55,734,55,0.0697084917617237,3.274336283185841,0.0,0.947008102905974,0.02073383257789696
1927972279,2016-04-13,1,398,422,0.943127962085308,2016-04-12,356,0.25,2151,0,0,32,986,32,0.03143418467583497,6.042134831460674,0.0,0.947008102905974,-0.0038801408206660115
1927972279,2016-04-15,2,475,499,0.9519038076152304,2016-04-14,980,0.680000007152557,2221,0,0,51,941,51,0.05141129032258065,2.266326530612245,0.0,0.947008102905974,0.004895704709256377
1927972279,2016-04-26,1,296,315,0.9396825396825396,2016-04-25,3761,2.59999990463257,2638,0,0,192,1058,192,0.1536,0.701409199680936,0.0,0.947008102905974,-0.0073255632234344725
1927972279,2016-04-28,1,166,178,0.9325842696629212,2016-04-27,1675,1.1599999666214,2351,0,0,95,1167,95,0.07527733755942947,1.4035820895522388,0.0,0.947008102905974,-0.014423833243052853
2026352035,2016-04-12,1,503,546,0.9212454212454212,2016-04-11,4414,2.74000000953674,1459,3,8,181,706,192,0.21380846325167038,0.33053919347530586,0.015625,0.9413413817950905,-0.020095960549669334
2026352035,2016-04-13,1,531,565,0.9398230088495576,2016-04-12,4993,3.09999990463257,1521,0,0,238,663,238,0.2641509433962264,0.30462647706789503,0.0,0.9413413817950905,-0.0015183729455329198
2026352035,2016-04-14,1,545,568,0.9595070422535212,2016-04-13,3335,2.0699999332428,1431,0,0,197,653,197,0.23176470588235293,0.4290854572713643,0.0,0.9413413817950905,0.01816566045843071
2026352035,2016-04-15,1,523,573,0.912739965095986,2016-04-14,3821,2.36999988555908,1444,0,0,188,687,188,0.21485714285714286,0.37791154148128764,0.0,0.9413413817950905,-0.028601416699104543
2026352035,2016-04-16,1,524,567,0.9241622574955908,2016-04-15,2547,1.58000004291534,1373,0,0,150,728,150,0.17084282460136674,0.5390655673341186,0.0,0.9413413817950905,-0.01717912429949975
2026352035,2016-04-17,1,437,498,0.8775100401606426,2016-04-16,838,0.519999980926514,1214,0,0,60,1053,60,0.05390835579514825,1.4486873508353222,0.0,0.9413413817950905,-0.06383134163444792
2026352035,2016-04-19,1,498,540,0.9222222222222224,2016-04-18,2424,1.5,1356,0,0,141,785,141,0.15226781857451405,0.5594059405940595,0.0,0.9413413817950905,-0.01911915957286814
2026352035,2016-04-20,1,461,510,0.903921568627451,2016-04-19,7222,4.48000001907349,1667,0,0,327,623,327,0.34421052631578947,0.2308224868457491,0.0,0.9413413817950905,-0.03741981316763954
2026352035,2016-04-21,1,477,514,0.9280155642023348,2016-04-20,2467,1.52999997138977,1370,0,0,153,749,153,0.1696230598669623,0.5553303607620592,0.0,0.9413413817950905,-0.013325817592755751
2026352035,2016-04-22,1,520,545,0.9541284403669724,2016-04-21,2915,1.80999994277954,1399,0,0,162,712,162,0.1853546910755149,0.4799313893653516,0.0,0.9413413817950905,0.012787058571881893
2026352035,2016-04-23,1,522,554,0.9422382671480144,2016-04-22,12357,7.71000003814697,1916,0,0,432,458,432,0.4853932584269663,0.15505381565104798,0.0,0.9413413817950905,0.0008968853529238707
2026352035,2016-04-24,1,555,591,0.9390862944162436,2016-04-23,3490,2.16000008583069,1401,0,0,164,704,164,0.1889400921658986,0.401432664756447,0.0,0.9413413817950905,-0.0022550873788469428
2026352035,2016-04-25,1,506,531,0.9529190207156308,2016-04-24,6017,3.73000001907349,1576,0,0,260,821,260,0.24051803885291398,0.26192454711650326,0.0,0.9413413817950905,0.011577638920540312
2026352035,2016-04-27,1,508,545,0.9321100917431192,2016-04-26,6088,3.76999998092651,1593,0,0,286,586,286,0.32798165137614677,0.2616622864651774,0.0,0.9413413817950905,-0.00923129005197132
2026352035,2016-04-28,1,513,545,0.9412844036697248,2016-04-27,6375,3.95000004768372,1649,0,0,331,626,331,0.3458725182863114,0.25866666666666666,0.0,0.9413413817950905,-5.6978125365758636e-05
2026352035,2016-04-29,1,490,510,0.9607843137254902,2016-04-28,7604,4.71000003814697,1692,0,0,352,492,352,0.41706161137440756,0.22251446607048922,0.0,0.9413413817950905,0.0194429319303997
2026352035,2016-04-30,1,573,607,0.943986820428336,2016-04-29,4729,2.9300000667572,1506,0,0,233,594,233,0.28174123337363965,0.31846056248678367,0.0,0.9413413817950905,0.0026454386332455115
2026352035,2016-05-01,1,527,546,0.9652014652014652,2016-04-30,3609,2.27999997138977,1447,0,0,191,716,191,0.2105843439911797,0.40094208922139096,0.0,0.9413413817950905,0.023860083406374688
2026352035,2016-05-02,1,511,543,0.9410681399631676,2016-05-01,7018,4.34999990463257,1690,0,0,355,716,355,0.3314659197012138,0.2408093473924195,0.0,0.9413413817950905,-0.0002732418319228991
2026352035,2016-05-04,1,538,560,0.9607142857142856,2016-05-03,6564,4.07000017166138,1658,0,0,345,530,345,0.3942857142857143,0.2525898842169409,0.0,0.9413413817950905,0.019372903919195106
2026352035,2016-05-05,1,468,485,0.9649484536082474,2016-05-04,12167,7.53999996185303,1926,0,0,475,479,475,0.4979035639412998,0.15829703295800115,0.0,0.9413413817950905,0.02360707181315691
2026352035,2016-05-06,1,524,548,0.9562043795620438,2016-05-05,8198,5.07999992370605,1736,0,0,383,511,383,0.42841163310961966,0.2117589656013662,0.0,0.9413413817950905,0.014862997766953323
2026352035,2016-05-07,1,511,521,0.980806142034549,2016-05-06,4193,2.59999990463257,1491,0,0,229,665,229,0.25615212527964204,0.3555926544240401,0.0,0.9413413817950905,0.03946476023945844
2026352035,2016-05-08,1,541,568,0.9524647887323944,2016-05-07,5528,3.45000004768372,1555,0,0,258,610,258,0.29723502304147464,0.28129522431259046,0.0,0.9413413817950905,0.011123406937303848
2026352035,2016-05-09,1,531,556,0.9550359712230216,2016-05-08,10685,6.61999988555908,1869,0,0,401,543,401,0.4247881355932203,0.1749181094992981,0.0,0.9413413817950905,0.013694589427931114
2026352035,2016-05-10,1,357,380,0.9394736842105263,2016-05-09,254,0.159999996423721,1141,0,0,17,1002,17,0.016683022571148183,4.4921259842519685,0.0,0.9413413817950905,-0.0018676975845641763
2026352035,2016-05-11,1,523,553,0.945750452079566,2016-05-10,8580,5.32000017166138,1698,0,0,330,569,330,0.3670745272525028,0.1979020979020979,0.0,0.9413413817950905,0.004409070284475458
2026352035,2016-05-12,1,456,485,0.9402061855670104,2016-05-11,8891,5.51000022888184,1364,0,0,343,330,343,0.5096582466567607,0.15341356427848385,0.0,0.9413413817950905,-0.0011351962280801153
2320127002,2016-04-23,1,61,69,0.8840579710144928,2016-04-22,5079,3.42000007629395,1804,0,0,242,1129,242,0.1765134938001459,0.3551880291395944,0.0,0.8840579710144928,0.0
2347167796,2016-04-13,1,467,531,0.879472693032015,2016-04-12,10352,7.01000022888184,2038,19,32,195,676,246,0.2668112798264642,0.19687017001545595,0.07723577235772358,0.9103703669407986,-0.03089767390878362
2347167796,2016-04-14,1,445,489,0.9100204498977504,2016-04-13,10129,6.69999980926514,2010,1,48,206,705,255,0.265625,0.19844012242077205,0.00392156862745098,0.9103703669407986,-0.00034991704304820903
2347167796,2016-04-15,1,452,504,0.8968253968253969,2016-04-14,10465,6.92000007629395,2133,1,24,284,720,309,0.30029154518950435,0.2038222646918299,0.003236245954692557,0.9103703669407986,-0.013544970115401789
2347167796,2016-04-17,1,556,602,0.9235880398671096,2016-04-16,5472,3.61999988555908,1882,1,7,249,508,257,0.3359477124183007,0.3439327485380117,0.0038910505836575876,0.9103703669407986,0.01321767292631093
2347167796,2016-04-18,1,500,557,0.8976660682226212,2016-04-17,8247,5.44999980926514,1944,11,16,206,678,233,0.2557628979143798,0.23572208075663878,0.04721030042918455,0.9103703669407986,-0.012704298718177465
2347167796,2016-04-19,1,465,514,0.9046692607003892,2016-04-18,6711,4.44000005722046,2346,0,7,382,648,389,0.3751205400192864,0.34957532409476977,0.0,0.9103703669407986,-0.005701106240409426
2347167796,2016-04-21,1,460,484,0.950413223140496,2016-04-20,10080,6.75,2048,23,26,208,761,257,0.25245579567779963,0.20317460317460317,0.08949416342412451,0.9103703669407986,0.040042856199697385
2347167796,2016-04-22,1,405,461,0.8785249457700651,2016-04-21,7804,5.15999984741211,1946,9,27,206,781,242,0.23655913978494625,0.24935930292157868,0.0371900826446281,0.9103703669407986,-0.03184542117073352
2347167796,2016-04-23,1,374,386,0.9689119170984456,2016-04-22,16901,11.3699998855591,2629,32,35,360,591,427,0.4194499017681729,0.155552925862375,0.07494145199063232,0.9103703669407986,0.05854155015764695
2347167796,2016-04-24,1,442,459,0.9629629629629628,2016-04-23,9471,6.26000022888184,2187,0,0,360,584,360,0.3813559322033898,0.23091542603737725,0.0,0.9103703669407986,0.05259259602216415
2347167796,2016-04-25,1,433,471,0.9193205944798302,2016-04-24,9482,6.38000011444092,2095,15,11,277,653,303,0.3169456066945607,0.22094494832313857,0.04950495049504951,0.9103703669407986,0.008950227539031519
2347167796,2016-04-26,1,436,490,0.889795918367347,2016-04-25,5980,3.95000004768372,1861,0,0,227,732,227,0.23670490093847757,0.3112040133779264,0.0,0.9103703669407986,-0.020574448573451698
2347167796,2016-04-27,1,448,499,0.8977955911823647,2016-04-26,11423,7.57999992370605,2194,26,9,295,623,330,0.3462749213011542,0.19206863345881117,0.07878787878787878,0.9103703669407986,-0.01257477575843391
2347167796,2016-04-28,1,408,450,0.9066666666666666,2016-04-27,5439,3.59999990463257,1854,0,0,229,764,229,0.23061430010070494,0.3408714837286266,0.0,0.9103703669407986,-0.003703700274132027
2347167796,2016-04-29,1,411,473,0.86892177589852,2016-04-28,42,0.0299999993294477,403,0,0,4,2,4,0.6666666666666666,9.595238095238095,0.0,0.9103703669407986,-0.041448591042278604
3977333714,2016-04-12,1,274,469,0.5842217484008528,2016-04-11,8856,5.98000001907349,1450,44,19,131,777,194,0.19979402677651906,0.1637308039747064,0.2268041237113402,0.6336690783788377,-0.049447329977984844
3977333714,2016-04-13,2,295,456,0.6469298245614035,2016-04-12,10035,6.71000003814697,1495,31,46,153,754,230,0.23373983739837398,0.1489785749875436,0.13478260869565217,0.6336690783788377,0.013260746182565786
3977333714,2016-04-14,1,291,397,0.7329974811083123,2016-04-13,7641,5.1100001335144,1433,5,23,214,801,242,0.23202301054650049,0.18754089778824762,0.02066115702479339,0.6336690783788377,0.09932840272947463
3977333714,2016-04-15,1,424,556,0.762589928057554,2016-04-14,9010,6.05999994277954,1468,15,42,183,644,240,0.27149321266968324,0.16293007769145393,0.0625,0.6336690783788377,0.1289208496787163
3977333714,2016-04-16,1,283,510,0.5549019607843138,2016-04-15,13459,9.0,1625,31,83,153,663,267,0.2870967741935484,0.12073705327290289,0.11610486891385768,0.6336690783788377,-0.07876711759452393
3977333714,2016-04-17,1,381,566,0.6731448763250883,2016-04-16,10415,6.96999979019165,1529,11,58,205,600,274,0.3135011441647597,0.14680748919827172,0.040145985401459854,0.6336690783788377,0.03947579794625067
3977333714,2016-04-18,2,412,522,0.789272030651341,2016-04-17,11663,7.80000019073486,1584,4,95,214,605,313,0.340958605664488,0.13581411300694504,0.012779552715654952,0.6336690783788377,0.15560295227250331
3977333714,2016-04-19,1,219,395,0.5544303797468354,2016-04-18,12414,8.77999973297119,1638,19,67,221,738,307,0.2937799043062201,0.1319478008699855,0.06188925081433225,0.6336690783788377,-0.07923869863200228
3977333714,2016-04-20,2,152,305,0.4983606557377049,2016-04-19,11658,7.82999992370605,1554,2,98,164,845,264,0.23805229936880073,0.13329902213072567,0.007575757575757576,0.6336690783788377,-0.1353084226411328
3977333714,2016-04-21,1,332,512,0.6484375,2016-04-20,6093,4.07999992370605,1397,0,0,242,712,242,0.25366876310272535,0.22927950106679795,0.0,0.6336690783788377,0.01476842162116232
3977333714,2016-04-22,1,355,476,0.7457983193277311,2016-04-21,8911,5.96000003814697,1481,33,12,188,731,233,0.241701244813278,0.1661990797890248,0.14163090128755365,0.6336690783788377,0.11212924094889343
3977333714,2016-04-23,1,235,372,0.6317204301075269,2016-04-22,12058,8.06999969482422,1638,0,92,252,724,344,0.32209737827715357,0.13584342345330902,0.0,0.6336690783788377,-0.0019486482713108044
3977333714,2016-04-24,1,310,526,0.5893536121673004,2016-04-23,14112,10.0,1655,30,95,129,660,254,0.2778993435448578,0.11727607709750566,0.11811023622047244,0.6336690783788377,-0.04431546621153726
3977333714,2016-04-25,1,262,467,0.5610278372591007,2016-04-24,11177,8.47999954223633,1570,50,9,133,781,192,0.197327852004111,0.14046703050908116,0.2604166666666667,0.6336690783788377,-0.07264124111973702
3977333714,2016-04-26,1,250,371,0.6738544474393531,2016-04-25,11388,7.61999988555908,1551,7,95,170,797,272,0.25444340505144997,0.13619599578503688,0.025735294117647058,0.6336690783788377,0.0401853690605154
3977333714,2016-04-27,1,349,540,0.6462962962962963,2016-04-26,7193,5.03999996185303,1377,0,10,176,714,186,0.20666666666666667,0.1914361184484916,0.0,0.6336690783788377,0.012627217917458577
3977333714,2016-04-28,1,261,423,0.6170212765957447,2016-04-27,7114,4.88000011444092,1407,15,8,190,804,213,0.20943952802359883,0.1977790272701715,0.07042253521126761,0.6336690783788377,-0.016647801783092997
3977333714,2016-04-29,1,333,478,0.696652719665272,2016-04-28,10645,7.75,1545,36,32,150,744,218,0.22661122661122662,0.14513856270549555,0.1651376146788991,0.6336690783788377,0.0629836412864343
3977333714,2016-04-30,1,237,382,0.6204188481675392,2016-04-29,13238,9.19999980926514,1650,43,52,194,687,289,0.29610655737704916,0.12464118446895302,0.14878892733564014,0.6336690783788377,-0.013250230211298453
3977333714,2016-05-01,1,383,626,0.6118210862619808,2016-04-30,10414,7.07000017166138,1501,41,40,124,691,205,0.22879464285714285,0.1441328980218936,0.2,0.6336690783788377,-0.02184799211685684
3977333714,2016-05-02,1,230,384,0.5989583333333334,2016-05-01,16520,11.0500001907349,1760,24,143,176,713,343,0.3248106060606061,0.10653753026634383,0.06997084548104957,0.6336690783788377,-0.03471074504550431
3977333714,2016-05-03,1,292,500,0.584,2016-05-02,14335,9.59000015258789,1710,47,41,258,594,346,0.3680851063829787,0.11928845483083363,0.13583815028901733,0.6336690783788377,-0.04966907837883772
3977333714,2016-05-04,1,213,336,0.6339285714285714,2016-05-03,13559,9.4399995803833,1628,14,96,142,852,252,0.22826086956521738,0.12006785161147578,0.05555555555555555,0.6336690783788377,0.0002594930497337167
3977333714,2016-05-05,1,318,480,0.6625,2016-05-04,12312,8.57999992370605,1618,14,88,178,680,280,0.2916666666666667,0.13141650422352177,0.05,0.6336690783788377,0.028830921621162298
3977333714,2016-05-06,1,323,512,0.630859375,2016-05-05,11677,8.27999973297119,1590,29,55,168,676,252,0.27155172413793105,0.13616511090177272,0.11507936507936507,0.6336690783788377,-0.00280970337883768
3977333714,2016-05-07,1,237,443,0.5349887133182845,2016-05-06,11550,7.73000001907349,1574,0,86,208,703,294,0.2948846539618857,0.13627705627705627,0.0,0.6336690783788377,-0.09868036506055322
3977333714,2016-05-08,2,259,456,0.5679824561403509,2016-05-07,13585,9.09000015258789,1633,9,116,171,688,296,0.3008130081300813,0.1202061096797939,0.030405405405405407,0.6336690783788377,-0.06568662223848676
3977333714,2016-05-10,1,312,452,0.6902654867256637,2016-05-09,13072,8.77999973297119,1630,1,115,196,676,312,0.3157894736842105,0.12469400244798041,0.003205128205128205,0.6336690783788377,0.056596408346826
4020332650,2016-04-12,1,501,541,0.9260628465804066,2016-04-11,8539,6.11999988555908,3654,4,15,331,712,350,0.3295668549905838,0.42791896006558144,0.011428571428571429,0.9303575827388795,-0.004294736158472867
4020332650,2016-04-16,1,77,77,1.0,2016-04-15,1982,1.41999995708466,3051,65,21,55,1222,141,0.10344827586206896,1.5393541876892027,0.46099290780141844,0.9303575827388795,0.06964241726112053
4020332650,2016-05-03,1,322,332,0.9698795180722892,2016-05-02,4496,3.22000002861023,2828,0,0,174,950,174,0.15480427046263345,0.6290035587188612,0.0,0.9303575827388795,0.03952193533340975
4020332650,2016-05-04,1,478,536,0.8917910447761194,2016-05-03,10252,7.34999990463257,3879,13,46,346,531,405,0.4326923076923077,0.37836519703472493,0.03209876543209877,0.9303575827388795,-0.038566537962760106
4020332650,2016-05-05,1,226,248,0.9112903225806452,2016-05-04,11728,8.43000030517578,3429,38,42,196,916,276,0.23154362416107382,0.29237721691678037,0.13768115942028986,0.9303575827388795,-0.019067260158234234
4020332650,2016-05-06,1,385,408,0.943627450980392,2016-05-05,4369,3.13000011444092,2704,0,0,177,855,177,0.17151162790697674,0.6189059281300069,0.0,0.9303575827388795,0.01326986824151255
4020332650,2016-05-08,1,364,402,0.9054726368159204,2016-05-07,5862,4.19999980926514,3089,0,0,263,775,263,0.25337186897880537,0.5269532582736267,0.0,0.9303575827388795,-0.02488494592295909
4020332650,2016-05-10,1,442,494,0.8947368421052632,2016-05-09,5546,3.98000001907349,2926,0,0,206,774,206,0.21020408163265306,0.5275874504147133,0.0,0.9303575827388795,-0.03562074063361631
4319703577,2016-04-14,1,535,557,0.9605026929982048,2016-04-13,10210,6.88000011444092,2302,1,9,339,589,349,0.3720682302771855,0.22546523016650344,0.0028653295128939827,0.9474974886759653,0.013005204322239505
4319703577,2016-04-15,1,465,491,0.9470468431771896,2016-04-14,5664,3.79999995231628,1985,0,0,228,752,228,0.23265306122448978,0.3504590395480226,0.0,0.9474974886759653,-0.0004506454987757147
4319703577,2016-04-16,1,506,522,0.9693486590038314,2016-04-15,4744,3.1800000667572,1884,0,0,194,724,194,0.2113289760348584,0.3971332209106239,0.0,0.9474974886759653,0.0218511703278661
4319703577,2016-04-18,1,515,551,0.9346642468239564,2016-04-17,2276,1.54999995231628,1632,1,9,58,824,68,0.07623318385650224,0.7170474516695958,0.014705882352941176,0.9474974886759653,-0.012833241852008848
4319703577,2016-04-19,2,461,498,0.92570281124498,2016-04-18,8925,5.98999977111816,2200,0,0,311,604,311,0.33989071038251367,0.24649859943977592,0.0,0.9474974886759653,-0.021794677430985288
4319703577,2016-04-20,1,523,543,0.9631675874769796,2016-04-19,8954,6.01000022888184,2220,0,18,306,671,324,0.3256281407035176,0.24793388429752067,0.0,0.9474974886759653,0.01567009880101433
4319703577,2016-04-21,1,59,65,0.9076923076923076,2016-04-20,3702,2.48000001907349,1792,0,0,34,1265,34,0.02617397998460354,0.48406266882766075,0.0,0.9474974886759653,-0.039805180983657706
4319703577,2016-04-22,1,533,550,0.9690909090909092,2016-04-21,4500,3.01999998092651,1886,1,19,176,709,196,0.2165745856353591,0.4191111111111111,0.00510204081632653,0.9474974886759653,0.021593420414943942
4319703577,2016-04-23,1,692,722,0.9584487534626038,2016-04-22,4935,3.30999994277954,1945,0,0,233,546,233,0.2991014120667522,0.3941236068895643,0.0,0.9474974886759653,0.010951264786638548
4319703577,2016-04-24,1,467,501,0.9321357285429142,2016-04-23,4081,2.74000000953674,1880,1,5,191,692,197,0.2215973003374578,0.46067140406763046,0.005076142131979695,0.9474974886759653,-0.015361760133051128
4319703577,2016-04-25,1,488,506,0.9644268774703556,2016-04-24,9259,6.21000003814697,2314,0,8,390,544,398,0.42250530785562634,0.2499189977319365,0.0,0.9474974886759653,0.01692938879439032
4319703577,2016-04-26,1,505,516,0.9786821705426356,2016-04-25,9899,6.6399998664856,2236,8,21,288,649,317,0.3281573498964803,0.22588140216183453,0.025236593059936908,0.9474974886759653,0.03118468186667034
4319703577,2016-04-27,1,286,307,0.9315960912052116,2016-04-26,10780,7.23000001907349,2324,6,47,300,680,353,0.34172313649564373,0.21558441558441557,0.0169971671388102,0.9474974886759653,-0.015901397470753698
4319703577,2016-04-28,1,497,522,0.9521072796934866,2016-04-27,10817,7.28000020980835,2367,13,8,359,552,380,0.40772532188841204,0.21882222427660164,0.034210526315789476,0.9474974886759653,0.0046097910175213475
4319703577,2016-04-29,1,523,546,0.957875457875458,2016-04-28,7990,5.3600001335144,2175,6,18,289,624,313,0.33404482390608325,0.27221526908635796,0.019169329073482427,0.9474974886759653,0.010377969199492743
4319703577,2016-04-30,1,490,516,0.9496124031007752,2016-04-29,8221,5.51999998092651,2092,6,38,196,695,240,0.25668449197860965,0.2544702590925678,0.025,0.9474974886759653,0.0021149144248099327
4319703577,2016-05-01,1,484,500,0.968,2016-04-30,1251,0.839999973773956,1593,0,0,67,836,67,0.07419712070874862,1.2733812949640289,0.0,0.9474974886759653,0.02050251132403469
4319703577,2016-05-02,1,478,506,0.9446640316205532,2016-05-01,9261,6.23999977111816,2270,0,11,344,585,355,0.3776595744680851,0.24511391858330633,0.0,0.9474974886759653,-0.0028334570554120475
4319703577,2016-05-03,1,474,512,0.92578125,2016-05-02,9648,6.46999979019165,2235,8,26,287,669,321,0.3242424242424242,0.2316542288557214,0.024922118380062305,0.9474974886759653,-0.021716238675965283
4319703577,2016-05-06,1,450,491,0.9164969450101832,2016-05-05,9524,6.42000007629395,2266,6,11,314,692,331,0.3235581622678397,0.2379252414951701,0.01812688821752266,0.9474974886759653,-0.031000543665782088
4319703577,2016-05-07,1,507,530,0.9566037735849056,2016-05-06,7937,5.32999992370605,2158,3,28,279,586,310,0.34598214285714285,0.27189114274914955,0.00967741935483871,0.9474974886759653,0.009106284908940276
4319703577,2016-05-08,1,602,638,0.9435736677115988,2016-05-07,3672,2.46000003814697,1792,0,0,153,603,153,0.20238095238095238,0.4880174291938998,0.0,0.9474974886759653,-0.003923820964366498
4319703577,2016-05-09,1,535,565,0.9469026548672568,2016-05-08,10378,6.96000003814697,2345,2,14,374,490,390,0.4431818181818182,0.22595875891308537,0.005128205128205128,0.9474974886759653,-0.0005948338087085059
4319703577,2016-05-10,1,487,517,0.941972920696325,2016-05-09,9487,6.36999988555908,2260,3,12,329,555,344,0.38264738598442716,0.23822072309476125,0.00872093023255814,0.9474974886759653,-0.0055245679796402936
4319703577,2016-05-11,1,529,558,0.9480286738351256,2016-05-10,9129,6.13000011444092,2232,3,18,311,574,332,0.36644591611479027,0.24449556358856392,0.009036144578313253,0.9474974886759653,0.0005311851591602856
4319703577,2016-05-12,1,302,321,0.940809968847352,2016-05-11,17,0.0099999997764825,257,0,0,2,0,2,1.0,15.117647058823529,0.0,0.9474974886759653,-0.006687519828613264
4388161847,2016-04-15,1,499,526,0.9486692015209124,2016-04-14,8758,6.73000001907349,3066,0,0,299,837,299,0.2632042253521127,0.35007992692395523,0.0,0.9474141307470335,0.0012550707738788747
4388161847,2016-04-16,2,426,448,0.9508928571428572,2016-04-15,6580,5.05999994277954,3073,6,9,253,609,268,0.3055872291904219,0.46702127659574466,0.022388059701492536,0.9474141307470335,0.0034787263958236947
4388161847,2016-04-17,2,619,641,0.9656786271450858,2016-04-16,4660,3.57999992370605,2572,0,0,201,721,201,0.21800433839479394,0.551931330472103,0.0,0.9474141307470335,0.018264496398052277
4388161847,2016-04-18,1,99,104,0.9519230769230768,2016-04-17,11009,9.10000038146973,3274,27,8,239,1017,274,0.21223857474825716,0.29739304205649925,0.09854014598540146,0.9474141307470335,0.004508946176043249
4388161847,2016-04-19,1,329,338,0.9733727810650888,2016-04-18,10181,7.82999992370605,3015,20,16,249,704,285,0.28816986855409504,0.29613986838228074,0.07017543859649122,0.9474141307470335,0.025958650318055332
4388161847,2016-04-20,1,421,451,0.933481152993348,2016-04-19,10553,8.11999988555908,3083,19,42,228,696,289,0.2934010152284264,0.29214441391073626,0.0657439446366782,0.9474141307470335,-0.013932977753685516
4388161847,2016-04-21,1,442,458,0.965065502183406,2016-04-20,10055,7.73000001907349,3069,7,12,272,853,291,0.2543706293706294,0.30522128294380907,0.024054982817869417,0.9474141307470335,0.01765137143637252
4388161847,2016-04-22,1,82,85,0.9647058823529412,2016-04-21,12139,9.34000015258789,3544,77,25,220,945,322,0.2541436464088398,0.2919515610841091,0.2391304347826087,0.9474141307470335,0.01729175160590768
4388161847,2016-04-23,1,478,501,0.9540918163672656,2016-04-22,13236,10.1800003051758,3306,58,5,215,749,278,0.27069133398247325,0.2497733454215775,0.20863309352517986,0.9474141307470335,0.006677685620232077
4388161847,2016-04-24,3,552,595,0.9277310924369748,2016-04-23,10243,7.88000011444092,2885,14,8,239,584,261,0.3088757396449704,0.28165576491262323,0.05363984674329502,0.9474141307470335,-0.019683038310058687
4388161847,2016-04-26,1,319,346,0.9219653179190752,2016-04-25,9461,7.28000020980835,2929,14,23,224,673,261,0.27944325481798715,0.3095867244477328,0.05363984674329502,0.9474141307470335,-0.0254488128279583
4388161847,2016-04-27,1,439,500,0.878,2016-04-26,11193,8.60999965667725,3074,11,48,241,684,300,0.3048780487804878,0.27463593317251855,0.03666666666666667,0.9474141307470335,-0.06941413074703351
4388161847,2016-04-28,1,428,458,0.9344978165938864,2016-04-27,10074,7.75,2969,19,9,234,878,262,0.22982456140350876,0.294719078816756,0.07251908396946564,0.9474141307470335,-0.01291631415314709
4388161847,2016-04-30,2,409,430,0.9511627906976744,2016-04-29,12533,9.64000034332275,3283,14,43,300,537,357,0.39932885906040266,0.26194845607595946,0.0392156862745098,0.9474141307470335,0.003748659950640887
4388161847,2016-05-01,1,547,597,0.916247906197655,2016-04-30,10255,7.8899998664856,2926,12,15,241,579,268,0.31641086186540734,0.28532423208191127,0.04477611940298507,0.9474141307470335,-0.031166224549378563
4388161847,2016-05-02,2,368,376,0.9787234042553192,2016-05-01,10096,8.39999961853027,3147,33,4,204,935,241,0.20493197278911565,0.31170760697305866,0.13692946058091288,0.9474141307470335,0.03130927350828572
4388161847,2016-05-04,1,390,414,0.9420289855072465,2016-05-03,12375,9.52000045776367,3162,35,21,251,632,307,0.32694355697550587,0.25551515151515153,0.11400651465798045,0.9474141307470335,-0.005385145239787059
4388161847,2016-05-05,1,471,495,0.9515151515151516,2016-05-04,9603,7.38000011444092,2899,12,39,199,896,250,0.2181500872600349,0.30188482765802355,0.048,0.9474141307470335,0.004101020768118135
4388161847,2016-05-05,1,471,495,0.9515151515151516,2016-05-04,9603,7.38000011444092,2899,12,39,199,896,250,0.2181500872600349,0.30188482765802355,0.048,0.9474141307470335,0.004101020768118135
4388161847,2016-05-07,1,472,496,0.9516129032258064,2016-05-06,22770,17.5400009155273,4022,120,56,260,508,436,0.461864406779661,0.17663592446201143,0.27522935779816515,0.9474141307470335,0.004198772478772872
4388161847,2016-05-08,2,529,541,0.977818853974122,2016-05-07,17298,14.3800001144409,3934,107,38,178,576,323,0.3592880978865406,0.22742513585385593,0.33126934984520123,0.9474141307470335,0.030404723227088537
4388161847,2016-05-09,1,62,65,0.953846153846154,2016-05-08,10218,7.8600001335144,3013,6,19,258,1020,283,0.21719109746738297,0.2948717948717949,0.02120141342756184,0.9474141307470335,0.0064320230991204985
4388161847,2016-05-10,1,354,375,0.944,2016-05-09,10299,7.92000007629395,3061,13,14,267,648,294,0.31210191082802546,0.29721332168171666,0.04421768707482993,0.9474141307470335,-0.0034141307470335613
4388161847,2016-05-11,1,469,494,0.9493927125506072,2016-05-10,10201,7.84000015258789,2954,8,18,256,858,282,0.24736842105263157,0.2895794529948044,0.028368794326241134,0.9474141307470335,0.001978581803573687
4445114986,2016-04-12,2,429,457,0.9387308533916848,2016-04-11,3276,2.20000004768372,2113,0,0,196,787,196,0.19938962360122076,0.644993894993895,0.0,0.9253888737881236,0.013341979603561205
4445114986,2016-04-13,2,370,406,0.9113300492610836,2016-04-12,2961,1.99000000953674,2095,0,0,194,840,194,0.18762088974854932,0.707531239446133,0.0,0.9253888737881236,-0.014058824527039993
4445114986,2016-04-14,1,441,492,0.8963414634146342,2016-04-13,3974,2.67000007629395,2194,0,0,231,717,231,0.24367088607594936,0.5520885757423251,0.0,0.9253888737881236,-0.029047410373489457
4445114986,2016-04-15,2,337,379,0.8891820580474934,2016-04-14,7198,4.82999992370605,2496,0,0,350,711,350,0.3298774740810556,0.3467629897193665,0.0,0.9253888737881236,-0.03620681574063023
4445114986,2016-04-16,1,462,499,0.9258517034068136,2016-04-15,3945,2.65000009536743,2180,0,0,225,716,225,0.23910733262486716,0.5525982256020279,0.0,0.9253888737881236,0.00046282961868993056
4445114986,2016-04-17,1,98,107,0.9158878504672896,2016-04-16,2268,1.51999998092651,1933,0,0,114,1219,114,0.08552138034508627,0.8522927689594356,0.0,0.9253888737881236,-0.009501023320834023
4445114986,2016-04-19,2,388,424,0.9150943396226416,2016-04-18,2064,1.38999998569489,1954,0,0,121,895,121,0.11909448818897637,0.9467054263565892,0.0,0.9253888737881236,-0.010294534165481983
4445114986,2016-04-20,1,439,462,0.9502164502164502,2016-04-19,2072,1.38999998569489,1974,0,0,137,841,137,0.14008179959100203,0.9527027027027027,0.0,0.9253888737881236,0.02482757642832656
4445114986,2016-04-21,1,436,469,0.929637526652452,2016-04-20,3809,2.55999994277954,2150,0,0,215,756,215,0.22142121524201855,0.5644526122341822,0.0,0.9253888737881236,0.004248652864328406
4445114986,2016-04-22,1,388,417,0.9304556354916068,2016-04-21,6831,4.57999992370605,2432,0,0,317,706,317,0.3098729227761486,0.35602400819792124,0.0,0.9253888737881236,0.005066761703483191
4445114986,2016-04-25,1,328,345,0.9507246376811594,2016-04-24,3385,2.26999998092651,2070,0,0,179,916,179,0.1634703196347032,0.6115214180206795,0.0,0.9253888737881236,0.025335763893035823
4445114986,2016-04-26,2,353,391,0.9028132992327366,2016-04-25,6326,4.40999984741211,2291,29,1,180,839,210,0.2001906577693041,0.3621561808409738,0.1380952380952381,0.9253888737881236,-0.022575574555387057
4445114986,2016-04-27,1,332,374,0.8877005347593583,2016-04-26,7243,5.03000020980835,2361,32,1,194,839,227,0.2129455909943715,0.32596990197432,0.14096916299559473,0.9253888737881236,-0.03768833902876534
4445114986,2016-04-28,1,419,442,0.9479638009049772,2016-04-27,4493,3.00999999046326,2203,0,0,236,762,236,0.23647294589178355,0.49031827286890717,0.0,0.9253888737881236,0.022574927116853605
4445114986,2016-04-29,1,106,108,0.9814814814814816,2016-04-28,4676,3.14000010490417,2196,0,0,226,1106,226,0.16966966966966968,0.4696321642429427,0.0,0.9253888737881236,0.056092607693358
4445114986,2016-04-30,1,322,353,0.9121813031161472,2016-04-29,6222,4.17999982833862,2363,0,0,290,797,290,0.2667893284268629,0.3797814207650273,0.0,0.9253888737881236,-0.01320757067197642
4445114986,2016-05-01,2,439,459,0.9564270152505446,2016-04-30,5232,3.50999999046326,2246,0,0,240,741,240,0.24464831804281345,0.42928134556574926,0.0,0.9253888737881236,0.03103814146242101
4445114986,2016-05-02,1,502,542,0.92619926199262,2016-05-01,6910,4.75,2336,27,4,200,667,231,0.2572383073496659,0.33806078147612156,0.11688311688311688,0.9253888737881236,0.000810388204496415
4445114986,2016-05-03,2,417,450,0.9266666666666666,2016-05-02,7502,5.17999982833862,2421,30,2,233,725,265,0.2676767676767677,0.32271394294854705,0.11320754716981132,0.9253888737881236,0.001277792878543016
4445114986,2016-05-04,2,337,363,0.928374655647383,2016-05-03,2923,1.96000003814697,2070,0,0,180,897,180,0.1671309192200557,0.708176530961341,0.0,0.9253888737881236,0.002985781859259351
4445114986,2016-05-05,2,462,513,0.9005847953216374,2016-05-04,3800,2.54999995231628,2120,2,6,185,734,193,0.20819848975188782,0.5578947368421052,0.010362694300518135,0.9253888737881236,-0.024804078466486246
4445114986,2016-05-06,2,374,402,0.9303482587064676,2016-05-05,4514,3.02999997138977,2211,0,0,229,809,229,0.220616570327553,0.4898094816127603,0.0,0.9253888737881236,0.004959384918344023
4445114986,2016-05-07,2,401,436,0.9197247706422018,2016-05-06,5183,3.58999991416931,2123,26,4,108,866,138,0.13745019920318724,0.4096083349411538,0.18840579710144928,0.9253888737881236,-0.005664103145921806
4445114986,2016-05-08,1,361,391,0.9232736572890026,2016-05-07,7303,4.90000009536743,2423,0,8,308,733,316,0.30123927550047663,0.33178145967410655,0.0,0.9253888737881236,-0.002115216499121053
4445114986,2016-05-09,1,457,533,0.8574108818011257,2016-05-08,5275,3.53999996185303,2281,0,0,266,641,266,0.2932745314222712,0.4324170616113744,0.0,0.9253888737881236,-0.06797799198699794
4445114986,2016-05-10,1,405,426,0.9507042253521126,2016-05-09,3915,2.63000011444092,2181,0,0,231,783,231,0.22781065088757396,0.557088122605364,0.0,0.9253888737881236,0.025315351563989008
4445114986,2016-05-11,1,499,530,0.9415094339622642,2016-05-10,9105,6.1100001335144,2499,34,22,232,622,288,0.31648351648351647,0.2744645799011532,0.11805555555555555,0.9253888737881236,0.01612056017414054
4445114986,2016-05-12,1,483,501,0.9640718562874252,2016-05-11,768,0.519999980926514,1212,0,0,58,380,58,0.1324200913242009,1.578125,0.0,0.9253888737881236,0.03868298249930158
4558609924,2016-04-21,1,126,137,0.9197080291970804,2016-04-20,13743,9.07999992370605,2486,6,21,432,844,459,0.3522640061396777,0.18089209051880958,0.013071895424836602,0.9071276554333298,0.01258037376375054
4558609924,2016-04-26,1,103,121,0.8512396694214877,2016-04-25,9148,6.05000019073486,2223,12,41,283,1062,336,0.24034334763948498,0.2430039352864014,0.03571428571428571,0.9071276554333298,-0.055887986011842195
4558609924,2016-04-29,1,171,179,0.9553072625698324,2016-04-28,7833,5.17999982833862,1918,15,29,197,1096,241,0.18025430067314885,0.2448614834673816,0.06224066390041494,0.9071276554333298,0.0481796071365026
4558609924,2016-05-01,1,115,129,0.8914728682170543,2016-04-30,3428,2.26999998092651,1692,0,0,190,1121,190,0.14492753623188406,0.4935822637106184,0.0,0.9071276554333298,-0.015654787216275556
4558609924,2016-05-08,1,123,134,0.917910447761194,2016-05-07,6543,4.32999992370605,2666,66,35,238,1019,339,0.2496318114874816,0.4074583524377197,0.19469026548672566,0.9071276554333298,0.010782792327864166
4702921684,2016-04-12,1,425,439,0.9681093394077448,2016-04-11,7213,5.88000011444092,2947,0,0,263,718,263,0.26809378185524974,0.40856786357964786,0.0,0.9526552964016922,0.015454043006052576
4702921684,2016-04-13,2,400,430,0.9302325581395348,2016-04-12,6877,5.57999992370605,2898,0,0,258,777,258,0.2492753623188406,0.4214046822742475,0.0,0.9526552964016922,-0.02242273826215746
4702921684,2016-04-14,1,384,415,0.9253012048192772,2016-04-13,7860,6.36999988555908,2984,0,0,271,772,271,0.2598274209012464,0.3796437659033079,0.0,0.9526552964016922,-0.027354091582414974
4702921684,2016-04-15,1,253,257,0.9844357976653696,2016-04-14,6506,5.28000020980835,2896,1,8,256,944,265,0.21918941273779982,0.44512757454657237,0.0037735849056603774,0.9526552964016922,0.031780501263677374
4702921684,2016-04-16,2,382,406,0.9408866995073892,2016-04-15,11140,9.02999973297119,3328,3,24,335,556,362,0.39433551198257083,0.2987432675044883,0.008287292817679558,0.9526552964016922,-0.011768596894302985
4702921684,2016-04-17,1,591,612,0.965686274509804,2016-04-16,12692,10.289999961853,3394,12,66,302,437,380,0.46511627906976744,0.26741254333438386,0.031578947368421054,0.9526552964016922,0.013030978108111824
4702921684,2016-04-18,1,293,312,0.939102564102564,2016-04-17,9105,7.38000011444092,3013,22,30,191,890,243,0.2144748455428067,0.33091707852828117,0.09053497942386832,0.9526552964016922,-0.013552732299128234
4702921684,2016-04-19,1,457,487,0.9383983572895276,2016-04-18,6708,5.44000005722046,2812,10,8,179,757,197,0.20649895178197064,0.419200954084675,0.050761421319796954,0.9526552964016922,-0.014256939112164635
4702921684,2016-04-20,1,454,468,0.97008547008547,2016-04-19,8793,7.13000011444092,3061,2,29,260,717,291,0.28869047619047616,0.3481178209939725,0.006872852233676976,0.9526552964016922,0.01743017368377775
4702921684,2016-04-21,1,425,434,0.97926267281106,2016-04-20,6530,5.30000019073486,2729,4,41,144,901,189,0.17339449541284405,0.4179173047473201,0.021164021164021163,0.9526552964016922,0.026607376409367833
4702921684,2016-04-23,1,465,475,0.9789473684210528,2016-04-22,15126,12.2700004577637,3691,9,66,408,469,483,0.5073529411764706,0.24401692450085946,0.018633540372670808,0.9526552964016922,0.02629207201936057
4702921684,2016-04-24,1,480,506,0.9486166007905138,2016-04-23,15050,12.2200002670288,3538,15,95,281,542,391,0.4190782422293676,0.23508305647840533,0.03836317135549872,0.9526552964016922,-0.004038695611178422
4702921684,2016-04-25,1,370,380,0.9736842105263158,2016-04-24,9167,7.42999982833862,3064,6,15,270,730,291,0.2850146914789422,0.3342423911857751,0.020618556701030927,0.9526552964016922,0.0210289141246236
4702921684,2016-04-26,1,421,429,0.9813519813519812,2016-04-25,6108,4.94999980926514,2784,1,8,216,765,225,0.22727272727272727,0.45579567779960706,0.0044444444444444444,0.9526552964016922,0.028696684950288986
4702921684,2016-04-27,1,432,449,0.9621380846325168,2016-04-26,7047,5.71999979019165,2908,1,16,238,733,255,0.25809716599190285,0.4126578685965659,0.00392156862745098,0.9526552964016922,0.009482788230824601
4702921684,2016-04-28,1,442,461,0.9587852494577006,2016-04-27,9023,7.32000017166138,3033,14,9,232,738,255,0.256797583081571,0.3361409730688241,0.054901960784313725,0.9526552964016922,0.006129953056008386
4702921684,2016-04-29,1,433,447,0.9686800894854586,2016-04-28,9930,8.05000019073486,3165,12,19,267,692,298,0.301010101010101,0.3187311178247734,0.040268456375838924,0.9526552964016922,0.016024793083766364
4702921684,2016-04-30,1,479,501,0.9560878243512974,2016-04-29,10144,8.22999954223633,3115,4,36,263,728,303,0.2938894277400582,0.3070780757097792,0.013201320132013201,0.9526552964016922,0.0034325279496051353
4702921684,2016-05-03,1,327,373,0.8766756032171582,2016-05-02,9454,7.67000007629395,3145,0,0,313,729,313,0.30038387715930903,0.3326634228897821,0.0,0.9526552964016922,-0.07597969318453401
4702921684,2016-05-04,1,412,434,0.9493087557603688,2016-05-03,8161,6.61999988555908,3004,4,15,251,757,270,0.2629016553067186,0.36809214557039577,0.014814814814814815,0.9526552964016922,-0.0033465406413234478
4702921684,2016-05-05,1,414,428,0.9672897196261684,2016-05-04,8614,6.98999977111816,3006,8,5,241,745,254,0.25425425425425424,0.3489667982354307,0.031496062992125984,0.9526552964016922,0.014634423224476167
4702921684,2016-05-06,1,404,449,0.8997772828507795,2016-05-05,6943,5.63000011444092,2859,1,16,207,682,224,0.24724061810154527,0.41178165058332133,0.004464285714285714,0.9526552964016922,-0.052878013550912706
4702921684,2016-05-07,1,520,543,0.9576427255985268,2016-05-06,14370,11.6499996185303,3683,5,46,439,577,490,0.4592314901593252,0.25629784272790535,0.01020408163265306,0.9526552964016922,0.004987429196834592
4702921684,2016-05-07,1,520,543,0.9576427255985268,2016-05-06,14370,11.6499996185303,3683,5,46,439,577,490,0.4592314901593252,0.25629784272790535,0.01020408163265306,0.9526552964016922,0.004987429196834592
4702921684,2016-05-09,1,435,458,0.9497816593886464,2016-05-08,8232,6.67999982833862,2990,0,12,253,746,265,0.26211671612265086,0.3632167152575316,0.0,0.9526552964016922,-0.002873637013045771
4702921684,2016-05-10,1,416,431,0.965197215777262,2016-05-09,10613,8.60999965667725,3172,1,37,262,701,300,0.2997002997002997,0.29887873362856876,0.0033333333333333335,0.9526552964016922,0.01254191937556981
4702921684,2016-05-11,1,354,366,0.9672131147540984,2016-05-10,9810,7.96000003814697,3069,10,41,235,784,286,0.2672897196261682,0.3128440366972477,0.03496503496503497,0.9526552964016922,0.014557818352406215
4702921684,2016-05-12,1,404,442,0.9140271493212668,2016-05-11,2752,2.23000001907349,1240,0,0,68,241,68,0.22006472491909385,0.45058139534883723,0.0,0.9526552964016922,-0.03862814708042539
5553957443,2016-04-12,1,441,464,0.9504310344827588,2016-04-11,11596,7.57000017166138,2026,19,13,277,767,309,0.2871747211895911,0.17471541911003793,0.061488673139158574,0.9152072640377418,0.03522377044501701
5553957443,2016-04-13,2,455,488,0.9323770491803278,2016-04-12,4832,3.16000008583069,1718,0,0,226,647,226,0.2588774341351661,0.35554635761589404,0.0,0.9152072640377418,0.017169785142586047
5553957443,2016-04-14,1,357,418,0.854066985645933,2016-04-13,17022,11.1199998855591,2324,61,41,256,693,358,0.340627973358706,0.13652919750910586,0.17039106145251395,0.9152072640377418,-0.0611402783918088
5553957443,2016-04-15,1,377,409,0.921760391198044,2016-04-14,16556,10.8599996566772,2254,58,38,239,689,335,0.3271484375,0.13614399613433195,0.17313432835820897,0.9152072640377418,0.006553127160302208
5553957443,2016-04-16,2,651,686,0.9489795918367347,2016-04-15,5771,3.76999998092651,1831,0,0,288,521,288,0.35599505562422745,0.3172760353491596,0.0,0.9152072640377418,0.033772327798992974
5553957443,2016-04-17,1,350,402,0.8706467661691543,2016-04-16,655,0.430000007152557,1397,0,0,46,943,46,0.046511627906976744,2.132824427480916,0.0,0.9152072640377418,-0.04456049786858751
5553957443,2016-04-18,2,520,541,0.9611829944547134,2016-04-17,3727,2.4300000667572,1683,0,0,206,622,206,0.24879227053140096,0.4515696270458814,0.0,0.9152072640377418,0.04597573041697167
5553957443,2016-04-19,1,357,410,0.8707317073170732,2016-04-18,15482,10.1099996566772,2284,69,28,249,756,346,0.3139745916515426,0.1475261594109288,0.1994219653179191,0.9152072640377418,-0.04447555672066861
5553957443,2016-04-20,1,658,678,0.9705014749262536,2016-04-19,2713,1.76999998092651,1570,0,0,148,598,148,0.19839142091152814,0.5786951713969776,0.0,0.9152072640377418,0.05529421088851183
5553957443,2016-04-21,1,399,431,0.925754060324826,2016-04-20,12346,8.0600004196167,2066,47,42,177,801,266,0.2492970946579194,0.16734164911712296,0.17669172932330826,0.9152072640377418,0.010546796287084215
5553957443,2016-04-22,1,322,353,0.9121813031161472,2016-04-21,11682,7.63000011444092,2105,25,16,270,781,311,0.2847985347985348,0.18019174798835816,0.08038585209003216,0.9152072640377418,-0.0030259609215945726
5553957443,2016-04-23,2,631,725,0.8703448275862069,2016-04-22,4112,2.69000005722046,1776,0,0,272,443,272,0.3804195804195804,0.43190661478599224,0.0,0.9152072640377418,-0.04486243645153487
5553957443,2016-04-24,2,553,640,0.8640625,2016-04-23,1807,1.17999994754791,1507,0,0,104,582,104,0.15160349854227406,0.8339789706696181,0.0,0.9152072640377418,-0.05114476403774182
5553957443,2016-04-25,1,433,468,0.9252136752136751,2016-04-24,10946,7.19000005722046,2033,51,11,201,732,263,0.264321608040201,0.18572994701260734,0.19391634980988592,0.9152072640377418,0.010006411175933372
5553957443,2016-04-26,1,412,453,0.9094922737306844,2016-04-25,11886,7.76000022888184,2093,40,18,238,750,296,0.2829827915869981,0.17608951707891637,0.13513513513513514,0.9152072640377418,-0.005714990307057355
5553957443,2016-04-27,1,347,391,0.887468030690537,2016-04-26,10538,6.88000011444092,1922,16,16,206,745,238,0.24211597151576805,0.18238754981970012,0.06722689075630252,0.9152072640377418,-0.02773923334720474
5553957443,2016-04-28,1,421,457,0.9212253829321664,2016-04-27,11393,7.63000011444092,1999,49,13,165,727,227,0.2379454926624738,0.17545861493899764,0.21585903083700442,0.9152072640377418,0.006018118894424607
5553957443,2016-04-29,1,450,495,0.9090909090909092,2016-04-28,12764,8.32999992370605,2169,46,15,270,709,331,0.31826923076923075,0.16993105609526793,0.13897280966767372,0.9152072640377418,-0.006116354946832603
5553957443,2016-04-30,2,775,843,0.9193357058125742,2016-04-29,1202,0.779999971389771,1463,0,0,84,506,84,0.1423728813559322,1.2171381031613977,0.0,0.9152072640377418,0.004128441774832403
5553957443,2016-05-01,2,622,686,0.9067055393586004,2016-04-30,5164,3.36999988555908,1747,0,0,237,436,237,0.3521545319465082,0.33830364058869095,0.0,0.9152072640377418,-0.008501724679141343
5553957443,2016-05-02,1,409,471,0.8683651804670913,2016-05-01,9769,6.38000011444092,1996,23,9,227,724,259,0.2634791454730417,0.2043197870815846,0.0888030888030888,0.9152072640377418,-0.04684208357065045
5553957443,2016-05-03,1,380,429,0.8857808857808858,2016-05-02,12848,8.39000034332275,2116,26,29,247,812,302,0.2710951526032316,0.16469489414694893,0.08609271523178808,0.9152072640377418,-0.02942637825685601
5553957443,2016-05-04,1,447,470,0.951063829787234,2016-05-03,4249,2.76999998092651,1698,0,0,224,651,224,0.256,0.39962344080960227,0.0,0.9152072640377418,0.03585656574949225
5553957443,2016-05-05,1,419,464,0.9030172413793104,2016-05-04,14331,9.51000022888184,2156,44,29,241,692,314,0.3121272365805169,0.15044309538762124,0.14012738853503184,0.9152072640377418,-0.012190022658431388
5553957443,2016-05-06,1,400,434,0.9216589861751152,2016-05-05,9632,6.28999996185303,1916,21,9,229,761,259,0.25392156862745097,0.1989202657807309,0.08108108108108109,0.9152072640377418,0.006451722137373439
5553957443,2016-05-07,1,442,470,0.9404255319148936,2016-05-06,1868,1.22000002861023,1494,0,0,96,902,96,0.09619238476953908,0.7997858672376874,0.0,0.9152072640377418,0.025218267877151868
5553957443,2016-05-08,1,568,608,0.9342105263157896,2016-05-07,6083,4.0,1762,3,8,210,505,221,0.3044077134986226,0.2896597073812264,0.013574660633484163,0.9152072640377418,0.019003262278047828
5553957443,2016-05-09,1,453,494,0.917004048582996,2016-05-08,11611,7.57999992370605,2272,59,22,251,667,332,0.33233233233233234,0.19567651365084834,0.17771084337349397,0.9152072640377418,0.0017967845452542264
5553957443,2016-05-10,1,418,443,0.9435665914221218,2016-05-09,16358,10.710000038147,2335,61,40,265,707,366,0.34109972041006525,0.14274361168847047,0.16666666666666666,0.9152072640377418,0.028359327384380073
5553957443,2016-05-11,1,463,486,0.9526748971193416,2016-05-10,4926,3.22000002861023,1693,0,0,195,628,195,0.23693803159173754,0.3436865611043443,0.0,0.9152072640377418,0.03746763308159984
5553957443,2016-05-12,1,438,475,0.9221052631578948,2016-05-11,3121,2.03999996185303,741,8,6,48,222,62,0.21830985915492956,0.237423902595322,0.12903225806451613,0.9152072640377418,0.006897999120152987
5577150313,2016-04-12,1,419,438,0.95662100456621,2016-04-11,8135,6.07999992370605,3405,86,16,140,728,242,0.24948453608247423,0.4185617701290719,0.35537190082644626,0.9392114958308437,0.017409508735366286
5577150313,2016-04-13,1,432,458,0.9432314410480348,2016-04-12,5077,3.78999996185303,2551,15,11,144,776,170,0.17970401691331925,0.5024620839078195,0.08823529411764706,0.9392114958308437,0.004019945217191068
5577150313,2016-04-14,1,477,497,0.959758551307847,2016-04-13,8596,6.42000007629395,4022,118,30,176,662,324,0.3286004056795132,0.4678920428106096,0.36419753086419754,0.9392114958308437,0.020547055477003306
5577150313,2016-04-15,1,392,413,0.9491525423728814,2016-04-14,12087,9.07999992370605,4005,115,54,199,695,368,0.34619002822201317,0.3313477289650037,0.3125,0.9392114958308437,0.009941046542037646
5577150313,2016-04-16,1,406,445,0.9123595505617976,2016-04-15,14269,10.6599998474121,4274,184,56,158,472,398,0.4574712643678161,0.2995304506272339,0.4623115577889447,0.9392114958308437,-0.026851945269046107
5577150313,2016-04-17,1,549,583,0.9416809605488852,2016-04-16,12231,9.14000034332275,4552,200,37,159,525,396,0.42996742671009774,0.3721690785708446,0.5050505050505051,0.9392114958308437,0.0024694647180414364
5577150313,2016-04-18,1,527,553,0.952983725135624,2016-04-17,9893,7.3899998664856,3625,114,32,130,623,276,0.30700778642936594,0.36642070150611544,0.41304347826086957,0.9392114958308437,0.013772229304780281
5577150313,2016-04-19,1,449,465,0.9655913978494624,2016-04-18,12574,9.42000007629395,3501,108,23,111,733,242,0.24820512820512822,0.27843168442818517,0.4462809917355372,0.9392114958308437,0.026379902018618617
5577150313,2016-04-20,1,447,480,0.93125,2016-04-19,8330,6.21999979019165,3192,87,16,113,773,216,0.21840242669362994,0.3831932773109244,0.4027777777777778,0.9392114958308437,-0.007961495830843712
5577150313,2016-04-21,1,414,437,0.9473684210526316,2016-04-20,10830,8.09000015258789,4018,110,74,175,670,359,0.3488824101068999,0.37100646352723915,0.3064066852367688,0.9392114958308437,0.008156925221787903
5577150313,2016-04-22,1,338,366,0.9234972677595628,2016-04-21,9172,6.84999990463257,3329,62,30,200,823,292,0.26188340807174887,0.3629524640209333,0.21232876712328766,0.9392114958308437,-0.015714228071280978
5577150313,2016-04-23,1,384,402,0.9552238805970148,2016-04-22,7638,5.71000003814697,3152,24,24,223,627,271,0.30178173719376394,0.41267347473160515,0.08856088560885608,0.9392114958308437,0.01601238476617106
5577150313,2016-04-24,1,543,615,0.8829268292682927,2016-04-23,15764,11.7799997329712,4392,210,65,141,425,416,0.4946492271105826,0.27860948997716317,0.5048076923076923,0.9392114958308437,-0.056284666562551044
5577150313,2016-04-25,1,421,461,0.913232104121475,2016-04-24,6393,4.78000020980835,3374,61,38,214,743,313,0.29640151515151514,0.5277647426873142,0.19488817891373802,0.9392114958308437,-0.025979391709368693
5577150313,2016-04-26,1,354,377,0.9389920424403184,2016-04-25,5325,3.98000001907349,3088,38,32,181,759,251,0.2485148514851485,0.5799061032863849,0.15139442231075698,0.9392114958308437,-0.00021945339052531487
5577150313,2016-04-27,1,424,452,0.9380530973451328,2016-04-26,6805,5.1399998664856,3294,63,16,190,773,269,0.2581573896353167,0.4840558412931668,0.2342007434944238,0.9392114958308437,-0.0011583984857109764
5577150313,2016-04-28,1,361,372,0.9704301075268816,2016-04-27,9841,7.42999982833862,3580,99,51,141,692,291,0.2960325534079349,0.36378416827558174,0.3402061855670103,0.9392114958308437,0.0312186116960379
5577150313,2016-04-29,1,459,485,0.9463917525773196,2016-04-28,7924,5.92000007629395,3544,97,36,165,739,298,0.28736740597878496,0.44724886420999493,0.32550335570469796,0.9392114958308437,0.007180256746475822
5577150313,2016-04-30,1,412,433,0.9515011547344112,2016-04-29,12363,9.23999977111816,4501,207,45,163,621,415,0.40057915057915056,0.364070209496077,0.4987951807228916,0.9392114958308437,0.01228965890356748
5577150313,2016-05-01,1,379,398,0.9522613065326632,2016-04-30,13368,9.98999977111816,4546,194,72,178,499,444,0.4708377518557794,0.34006582884500297,0.4369369369369369,0.9392114958308437,0.013049810701819431
5577150313,2016-05-02,2,525,553,0.9493670886075948,2016-05-01,7439,5.55999994277954,3014,37,20,235,732,292,0.28515625,0.4051619841376529,0.1267123287671233,0.9392114958308437,0.010155592776751043
5577150313,2016-05-03,1,508,543,0.9355432780847146,2016-05-02,11045,8.25,3795,97,8,212,580,317,0.3534002229654404,0.34359438660027164,0.305993690851735,0.9392114958308437,-0.003668217746129132
5577150313,2016-05-04,1,603,634,0.9511041009463722,2016-05-03,5206,3.89000010490417,2755,25,9,141,631,175,0.21712158808933002,0.5291970802919708,0.14285714285714285,0.9392114958308437,0.011892605115528476
5577150313,2016-05-05,1,74,78,0.9487179487179488,2016-05-04,7550,5.6399998664856,3004,45,21,143,1153,209,0.15345080763582966,0.39788079470198673,0.215311004784689,0.9392114958308437,0.009506452887105055
5577150313,2016-05-10,1,504,562,0.896797153024911,2016-05-09,8869,6.65000009536743,3841,104,37,194,639,335,0.34394250513347024,0.433081519900778,0.31044776119402984,0.9392114958308437,-0.0424143428059327
5577150313,2016-05-11,1,431,476,0.9054621848739496,2016-05-10,4038,3.03999996185303,1665,45,15,63,257,123,0.3236842105263158,0.41233283803863297,0.36585365853658536,0.9392114958308437,-0.03374931095689415
6117666160,2016-04-16,1,380,398,0.9547738693467336,2016-04-15,14450,10.9099998474121,2828,7,15,518,502,540,0.5182341650671785,0.19570934256055364,0.012962962962962963,0.9401978380765398,0.014576031270193801
6117666160,2016-04-17,2,336,350,0.96,2016-04-16,7150,5.40000009536743,2225,0,0,312,702,312,0.3076923076923077,0.3111888111888112,0.0,0.9401978380765398,0.019802161923460182
6117666160,2016-04-18,2,493,510,0.9666666666666668,2016-04-17,5153,3.91000008583069,2018,0,0,241,759,241,0.241,0.39161653405783037,0.0,0.9401978380765398,0.026468828590127003
6117666160,2016-04-19,1,465,492,0.945121951219512,2016-04-18,11135,8.40999984741211,2606,0,0,480,425,480,0.5303867403314917,0.2340368208352043,0.0,0.9401978380765398,0.004924113142972253
6117666160,2016-04-20,1,474,502,0.9442231075697212,2016-04-19,10449,8.02000045776367,2536,26,10,349,587,385,0.39609053497942387,0.24270265097138483,0.06753246753246753,0.9401978380765398,0.004025269493181383
6117666160,2016-04-21,1,508,550,0.9236363636363636,2016-04-20,19542,15.0100002288818,4900,11,19,294,579,324,0.3588039867109635,0.25074199160781907,0.033950617283950615,0.9401978380765398,-0.016561474440176194
6117666160,2016-04-22,1,480,546,0.8791208791208791,2016-04-21,8206,6.19999980926514,2409,0,0,402,413,402,0.49325153374233127,0.2935656836461126,0.0,0.9401978380765398,-0.061076958955660676
6117666160,2016-04-23,1,492,539,0.9128014842300556,2016-04-22,11495,8.68000030517578,2651,0,0,512,468,512,0.5224489795918368,0.23062200956937798,0.0,0.9401978380765398,-0.0273963538464842
6117666160,2016-04-24,1,353,367,0.9618528610354224,2016-04-23,7623,5.76000022888184,2305,0,0,362,711,362,0.33737185461323393,0.3023743932834842,0.0,0.9401978380765398,0.021655022958882664
6117666160,2016-04-27,1,542,557,0.9730700179533214,2016-04-26,9411,7.1100001335144,2576,0,0,458,417,458,0.5234285714285715,0.27372223993199446,0.0,0.9401978380765398,0.03287217987678159
6117666160,2016-04-28,1,393,416,0.9447115384615384,2016-04-27,3403,2.59999990463257,1879,0,0,141,758,141,0.1568409343715239,0.552159858947987,0.0,0.9401978380765398,0.0045137003849986534
6117666160,2016-04-29,1,600,636,0.9433962264150944,2016-04-28,9592,7.23999977111816,2560,0,0,461,479,461,0.49042553191489363,0.26688907422852376,0.0,0.9401978380765398,0.0031983883385545697
6117666160,2016-05-01,1,507,575,0.8817391304347826,2016-04-30,8915,6.73000001907349,2361,0,0,397,525,397,0.43058568329718006,0.2648345485137409,0.0,0.9401978380765398,-0.0584587076417572
6117666160,2016-05-05,1,392,415,0.944578313253012,2016-05-04,9799,7.40000009536743,2636,0,0,487,479,487,0.5041407867494824,0.2690070415348505,0.0,0.9401978380765398,0.0043804751764722205
6117666160,2016-05-06,2,658,698,0.9426934097421203,2016-05-05,3365,2.6800000667572,1838,0,0,133,673,133,0.16501240694789082,0.5462109955423476,0.0,0.9401978380765398,0.002495571665580565
6117666160,2016-05-07,2,498,507,0.9822485207100592,2016-05-06,7336,5.53999996185303,2469,0,0,412,456,412,0.47465437788018433,0.33655943293347873,0.0,0.9401978380765398,0.04205068263351941
6117666160,2016-05-08,1,555,603,0.9203980099502488,2016-05-07,7328,5.53000020980835,2250,0,0,318,517,318,0.38083832335329343,0.3070414847161572,0.0,0.9401978380765398,-0.019799828126290997
6117666160,2016-05-09,1,492,522,0.942528735632184,2016-05-08,4477,3.38000011444092,1248,0,0,197,125,197,0.6118012422360248,0.2787580969399151,0.0,0.9401978380765398,0.0023308975556441958
6775888955,2016-04-13,1,235,260,0.903846153846154,2016-04-12,4053,2.91000008583069,2400,17,18,85,1053,120,0.10230179028132992,0.5921539600296077,0.14166666666666666,0.9420280048358866,-0.03818185098973259
6775888955,2016-04-14,1,423,441,0.9591836734693876,2016-04-13,5162,3.70000004768372,2507,14,24,105,863,143,0.14214711729622267,0.48566447113521893,0.0979020979020979,0.9420280048358866,0.017155668633501042
6775888955,2016-04-15,1,391,406,0.9630541871921182,2016-04-14,1282,0.920000016689301,2127,0,0,58,976,58,0.05609284332688588,1.6591263650546022,0.0,0.9420280048358866,0.02102618235623166
6962181067,2016-04-12,1,366,387,0.9457364341085271,2016-04-11,10199,6.73999977111816,1994,50,14,189,796,253,0.24118207816968543,0.19550936366310423,0.1976284584980237,0.9614872484018995,-0.01575081429337233
6962181067,2016-04-13,3,630,679,0.9278350515463918,2016-04-12,5652,3.74000000953674,1718,8,24,142,548,174,0.2409972299168975,0.3039631988676575,0.04597701149425287,0.9614872484018995,-0.03365219685550769
6962181067,2016-04-14,2,508,535,0.9495327102803738,2016-04-13,1551,1.02999997138977,1466,0,0,86,862,86,0.09071729957805907,0.9451966473243069,0.0,0.9614872484018995,-0.011954538121525693
6962181067,2016-04-15,1,370,386,0.9585492227979274,2016-04-14,5563,3.6800000667572,1756,0,0,217,837,217,0.20588235294117646,0.31565701959374437,0.0,0.9614872484018995,-0.00293802560397205
6962181067,2016-04-16,1,357,366,0.9754098360655736,2016-04-15,13217,8.73999977111816,2173,50,3,280,741,333,0.3100558659217877,0.16440947264886133,0.15015015015015015,0.9614872484018995,0.013922587663674157
6962181067,2016-04-17,1,427,446,0.9573991031390134,2016-04-16,10145,6.71000003814697,2027,5,13,295,634,313,0.33051742344244983,0.19980285855101035,0.01597444089456869,0.9614872484018995,-0.004088145262886034
6962181067,2016-04-18,1,442,458,0.965065502183406,2016-04-17,11404,7.53999996185303,2039,13,42,238,689,293,0.2983706720977597,0.17879691336373202,0.04436860068259386,0.9614872484018995,0.0035782537815065574
6962181067,2016-04-19,1,476,535,0.8897196261682243,2016-04-18,10742,7.09999990463257,2046,35,41,195,659,271,0.2913978494623656,0.19046732452057344,0.12915129151291513,0.9614872484018995,-0.07176762223367517
6962181067,2016-04-20,1,418,424,0.9858490566037736,2016-04-19,13928,9.55000019073486,2174,48,4,297,639,349,0.3532388663967611,0.1560884549109707,0.13753581661891118,0.9614872484018995,0.02436180820187417
6962181067,2016-04-21,1,451,457,0.986870897155361,2016-04-20,11835,9.71000003814697,2179,53,27,214,708,294,0.2934131736526946,0.18411491339247993,0.18027210884353742,0.9614872484018995,0.025383648753461552
6962181067,2016-04-22,1,425,435,0.9770114942528736,2016-04-21,10725,7.09000015258789,2086,30,33,240,659,303,0.31496881496881496,0.1944988344988345,0.09900990099009901,0.9614872484018995,0.015524245850974117
6962181067,2016-04-23,1,528,546,0.967032967032967,2016-04-22,20031,13.2399997711182,2571,58,41,347,484,446,0.47956989247311826,0.12835105586341172,0.13004484304932734,0.9614872484018995,0.005545718631067564
6962181067,2016-04-24,1,511,514,0.9941634241245136,2016-04-23,5029,3.3199999332428,1705,0,0,199,720,199,0.21653971708378672,0.33903360509047525,0.0,0.9614872484018995,0.032676175722614165
6962181067,2016-04-25,1,400,415,0.963855421686747,2016-04-24,13239,9.27000045776367,2194,35,31,282,637,348,0.3532994923857868,0.16572248659264294,0.10057471264367816,0.9614872484018995,0.002368173284847508
6962181067,2016-04-26,1,441,446,0.9887892376681614,2016-04-25,10433,6.90000009536743,2012,36,7,254,680,297,0.3039918116683726,0.19284961180868399,0.12121212121212122,0.9614872484018995,0.027301989266261928
6962181067,2016-04-27,1,455,467,0.974304068522484,2016-04-26,10320,6.82000017166138,2034,7,38,279,697,324,0.31733594515181196,0.19709302325581396,0.021604938271604937,0.9614872484018995,0.012816820120584493
6962181067,2016-04-28,1,440,453,0.9713024282560706,2016-04-27,12627,8.35000038146973,2182,38,8,288,621,334,0.34973821989528797,0.17280430822839946,0.11377245508982035,0.9614872484018995,0.00981517985417113
6962181067,2016-04-29,1,433,447,0.9686800894854586,2016-04-28,10762,7.1100001335144,2254,12,15,369,645,396,0.3804034582132565,0.20944062441925293,0.030303030303030304,0.9614872484018995,0.0071928410835591094
6962181067,2016-04-30,1,422,424,0.9952830188679244,2016-04-29,10081,6.65999984741211,2002,32,16,237,731,285,0.28051181102362205,0.1985914095823827,0.11228070175438597,0.9614872484018995,0.03379577046602489
6962181067,2016-05-01,1,411,426,0.9647887323943662,2016-04-30,5454,3.60999989509583,1740,0,0,215,722,215,0.2294557097118463,0.31903190319031904,0.0,0.9614872484018995,0.0033014839924667694
6962181067,2016-05-02,1,466,482,0.966804979253112,2016-05-01,12912,8.53999996185303,2162,18,39,313,655,370,0.36097560975609755,0.16744114002478314,0.04864864864864865,0.9614872484018995,0.005317730851212565
6962181067,2016-05-03,1,394,418,0.9425837320574164,2016-05-02,12109,8.11999988555908,2072,21,36,267,654,324,0.3312883435582822,0.17111239573870674,0.06481481481481481,0.9614872484018995,-0.018903516344483062
6962181067,2016-05-04,1,442,455,0.9714285714285714,2016-05-03,10147,6.71000003814697,2086,15,36,284,683,335,0.3290766208251473,0.20557800335074405,0.04477611940298507,0.9614872484018995,0.009941323026671944
6962181067,2016-05-05,1,467,491,0.9511201629327902,2016-05-04,10524,6.96000003814697,2066,14,22,305,591,341,0.36587982832618027,0.19631318890155836,0.04105571847507331,0.9614872484018995,-0.01036708546910925
6962181067,2016-05-06,1,443,462,0.9588744588744588,2016-05-05,5908,3.91000008583069,1850,0,0,299,717,299,0.29429133858267714,0.3131347325660122,0.0,0.9614872484018995,-0.0026127895274407065
6962181067,2016-05-07,1,298,334,0.8922155688622755,2016-05-06,6815,4.5,1947,0,0,328,745,328,0.30568499534016774,0.2856933235509905,0.0,0.9614872484018995,-0.06927167953962399
6962181067,2016-05-08,1,541,569,0.9507908611599296,2016-05-07,4188,2.76999998092651,1659,0,14,151,709,165,0.18878718535469108,0.3961318051575931,0.0,0.9614872484018995,-0.010696387241969862
6962181067,2016-05-09,1,489,497,0.9839034205231388,2016-05-08,12342,8.72000026702881,2105,43,21,231,607,295,0.3270509977827051,0.17055582563603955,0.14576271186440679,0.9614872484018995,0.022416172121239364
6962181067,2016-05-10,1,469,481,0.975051975051975,2016-05-09,15448,10.210000038147,2361,62,34,275,626,371,0.3721163490471414,0.15283531848783014,0.16711590296495957,0.9614872484018995,0.013564726650075576
6962181067,2016-05-11,1,452,480,0.9416666666666668,2016-05-10,6722,4.44000005722046,1855,24,7,199,709,230,0.24494142705005326,0.2759595358524249,0.10434782608695652,0.9614872484018995,-0.019820581735232712
6962181067,2016-05-12,1,516,535,0.9644859813084112,2016-05-11,3587,2.36999988555908,928,0,8,105,127,113,0.4708333333333333,0.25871201561193197,0.0,0.9614872484018995,0.0029987329065117585
7007744171,2016-04-16,1,79,82,0.9634146341463414,2016-04-15,4631,3.09999990463257,2076,0,0,203,1155,203,0.14948453608247422,0.4482833081407903,0.0,0.9571171531387446,0.006297481007596861
7007744171,2016-05-01,1,58,61,0.9508196721311476,2016-04-30,5600,3.75,2225,0,0,237,1142,237,0.17186366932559827,0.39732142857142855,0.0,0.9571171531387446,-0.006297481007596972
7086361926,2016-04-12,1,514,525,0.979047619047619,2016-04-11,11317,8.40999984741211,2772,59,6,153,745,218,0.22637590861889928,0.24494123884421667,0.2706422018348624,0.9713149988886259,0.00773262015899312
7086361926,2016-04-13,1,451,465,0.9698924731182796,2016-04-12,5813,3.61999988555908,2516,31,26,155,744,212,0.2217573221757322,0.43282298296920696,0.14622641509433962,0.9713149988886259,-0.0014225257703462946
7086361926,2016-04-14,1,472,476,0.9915966386554622,2016-04-13,9123,6.11999988555908,2734,35,32,189,787,256,0.24544582933844677,0.2996821221089554,0.13671875,0.9713149988886259,0.02028163976683628
7086361926,2016-04-15,1,377,386,0.9766839378238342,2016-04-14,8585,5.67000007629395,2395,30,21,139,864,190,0.18026565464895636,0.2789749563191613,0.15789473684210525,0.9713149988886259,0.0053689389352082895
7086361926,2016-04-19,1,472,483,0.9772256728778468,2016-04-18,10688,7.28999996185303,2944,67,69,124,671,260,0.27926960257787325,0.2754491017964072,0.25769230769230766,0.9713149988886259,0.005910673989220849
7086361926,2016-04-20,1,492,502,0.9800796812749004,2016-04-19,14365,10.6400003433228,2997,87,13,145,797,245,0.23512476007677544,0.20863209189001045,0.3551020408163265,0.9713149988886259,0.00876468238627448
7086361926,2016-04-21,1,390,411,0.948905109489051,2016-04-20,9469,6.17999982833862,2463,19,6,206,758,231,0.23356926188068755,0.260111944239096,0.08225108225108226,0.9713149988886259,-0.02240988939957489
7086361926,2016-04-22,1,428,448,0.9553571428571428,2016-04-21,9753,6.53000020980835,2846,58,59,153,762,270,0.2616279069767442,0.29180764892853484,0.21481481481481482,0.9713149988886259,-0.015957856031483142
7086361926,2016-04-24,1,681,704,0.9673295454545454,2016-04-23,3520,2.16000008583069,2049,0,0,125,566,125,0.1808972503617945,0.5821022727272728,0.0,0.9713149988886259,-0.0039854534340805214
7086361926,2016-04-25,1,446,447,0.9977628635346756,2016-04-24,10091,6.82000017166138,2752,69,39,129,706,237,0.2513255567338282,0.2727182637994252,0.2911392405063291,0.9713149988886259,0.026447864646049646
7086361926,2016-04-26,1,485,500,0.97,2016-04-25,10387,7.07000017166138,2781,70,33,132,726,235,0.2445369406867846,0.2677385193029749,0.2978723404255319,0.9713149988886259,-0.0013149988886259623
7086361926,2016-04-27,1,469,479,0.9791231732776616,2016-04-26,11107,8.34000015258789,2693,55,6,145,829,206,0.19903381642512077,0.24245971009273432,0.2669902912621359,0.9713149988886259,0.007808174389035694
7086361926,2016-04-28,1,354,367,0.9645776566757494,2016-04-27,11584,7.80000019073486,2862,54,48,161,810,263,0.2451071761416589,0.24706491712707182,0.20532319391634982,0.9713149988886259,-0.006737342212876585
7086361926,2016-04-30,1,485,489,0.9918200408997956,2016-04-29,14560,9.40999984741211,2995,42,17,308,584,367,0.38590956887486855,0.20570054945054944,0.11444141689373297,0.9713149988886259,0.02050504201116965
7086361926,2016-05-01,1,388,407,0.9533169533169532,2016-04-30,12390,8.06999969482422,2730,30,15,258,685,303,0.3066801619433198,0.22033898305084745,0.09900990099009901,0.9713149988886259,-0.017998045571672727
7086361926,2016-05-02,1,440,459,0.9586056644880174,2016-05-01,10052,6.80999994277954,2754,66,26,139,737,231,0.23863636363636365,0.273975328292877,0.2857142857142857,0.9713149988886259,-0.012709334400608507
7086361926,2016-05-03,1,456,461,0.9891540130151844,2016-05-02,10288,6.76000022888184,2754,57,36,152,761,245,0.24353876739562624,0.2676905132192846,0.23265306122448978,0.9713149988886259,0.017839014126558417
7086361926,2016-05-04,1,420,436,0.963302752293578,2016-05-03,10988,8.3100004196167,2655,45,12,135,843,192,0.1855072463768116,0.24162722970513287,0.234375,0.9713149988886259,-0.008012246595047956
7086361926,2016-05-06,1,322,333,0.9669669669669668,2016-05-05,12461,8.38000011444092,2924,84,35,154,834,273,0.24661246612466126,0.23465211459754434,0.3076923076923077,0.9713149988886259,-0.004348031921659112
7086361926,2016-05-07,1,530,548,0.9671532846715328,2016-05-06,12827,8.47999954223633,2739,20,42,209,621,271,0.3038116591928251,0.21353395182037888,0.07380073800738007,0.9713149988886259,-0.004161714217093104
7086361926,2016-05-08,1,481,510,0.9431372549019608,2016-05-07,10677,7.09999990463257,2534,32,27,147,695,206,0.2286348501664817,0.23733258405919266,0.1553398058252427,0.9713149988886259,-0.02817774398666517
7086361926,2016-05-09,1,427,438,0.9748858447488584,2016-05-08,13566,9.10999965667725,2960,67,50,171,743,288,0.2793404461687682,0.21819254017396433,0.2326388888888889,0.9713149988886259,0.0035708458602324855
7086361926,2016-05-11,1,451,463,0.9740820734341252,2016-05-10,9572,6.51999998092651,2735,57,40,128,757,225,0.22912423625254583,0.2857292101964062,0.25333333333333335,0.9713149988886259,0.002767074545499293
7086361926,2016-05-12,1,444,457,0.9715536105032824,2016-05-11,3789,2.55999994277954,1199,5,4,58,343,67,0.16341463414634147,0.31644233306941144,0.07462686567164178,0.9713149988886259,0.00023861161465643654
8053475328,2016-04-20,1,486,493,0.9858012170385396,2016-04-19,15108,12.1899995803833,3043,89,5,158,695,252,0.26610348468849,0.20141646809637279,0.3531746031746032,0.9848879098008453,0.0009133072376943385
8053475328,2016-04-23,1,331,337,0.9821958456973294,2016-04-22,22359,17.1900005340576,3554,125,14,223,741,362,0.32819582955575705,0.15895165257838006,0.3453038674033149,0.9848879098008453,-0.0026920641035158566
8053475328,2016-05-07,1,74,75,0.9866666666666668,2016-05-06,19769,15.6700000762939,3331,121,20,148,1076,289,0.21172161172161172,0.16849613030502303,0.4186851211072664,0.9848879098008453,0.001778756865821518
8378563200,2016-04-12,1,338,356,0.949438202247191,2016-04-11,7626,6.05000019073486,3635,65,15,156,723,236,0.24608967674661106,0.476658798846053,0.2754237288135593,0.9189979059667511,0.03044029628043987
8378563200,2016-04-13,2,447,487,0.917864476386037,2016-04-12,12386,9.81999969482422,4079,116,14,169,680,299,0.3054136874361593,0.32932342967866945,0.3879598662207358,0.9189979059667511,-0.0011334295807141626
8378563200,2016-04-14,1,424,455,0.931868131868132,2016-04-13,13318,10.5600004196167,4163,123,21,174,699,318,0.31268436578171094,0.3125844721429644,0.3867924528301887,0.9189979059667511,0.012870225901380872
8378563200,2016-04-15,1,513,533,0.9624765478424016,2016-04-14,14461,11.4700002670288,3666,60,23,190,729,273,0.27245508982035926,0.25350943918124613,0.21978021978021978,0.9189979059667511,0.043478641875650426
8378563200,2016-04-16,2,611,689,0.8867924528301887,2016-04-15,11207,8.89000034332275,3363,64,21,142,563,227,0.2873417721518987,0.3000803069510128,0.28193832599118945,0.9189979059667511,-0.03220545313656242
8378563200,2016-04-17,2,525,591,0.8883248730964467,2016-04-16,2132,1.69000005722046,2572,0,0,93,599,93,0.13439306358381503,1.2063789868667918,0.0,0.9189979059667511,-0.03067303287030443
8378563200,2016-04-18,1,398,451,0.8824833702882483,2016-04-17,13630,10.8100004196167,4157,117,10,174,720,301,0.2948090107737512,0.30498899486427,0.38870431893687707,0.9189979059667511,-0.036514535678502824
8378563200,2016-04-19,1,387,421,0.9192399049881236,2016-04-18,13070,10.3599996566772,4092,120,19,154,737,293,0.28446601941747574,0.31308339709257843,0.40955631399317405,0.9189979059667511,0.0002419990213724521
8378563200,2016-04-20,1,381,409,0.9315403422982884,2016-04-19,9388,7.44000005722046,3787,82,8,169,763,259,0.2534246575342466,0.4033873029399233,0.3166023166023166,0.9189979059667511,0.012542436331537288
8378563200,2016-04-21,1,396,417,0.9496402877697842,2016-04-20,15148,12.0100002288818,4236,137,16,145,677,298,0.30564102564102563,0.27964087668339055,0.4597315436241611,0.9189979059667511,0.030642381803033025
8378563200,2016-04-22,1,441,469,0.9402985074626866,2016-04-21,12200,9.67000007629395,4044,113,12,159,769,284,0.26970560303893637,0.33147540983606555,0.397887323943662,0.9189979059667511,0.02130060149593549
8378563200,2016-04-23,1,565,591,0.9560067681895094,2016-04-22,5709,4.53000020980835,2908,19,10,136,740,165,0.18232044198895028,0.509371168330706,0.11515151515151516,0.9189979059667511,0.03700886222275823
8378563200,2016-04-24,1,458,492,0.9308943089430894,2016-04-23,3703,2.94000005722046,2741,0,0,135,734,135,0.15535097813578827,0.7402106400216041,0.0,0.9189979059667511,0.011896402976338316
8378563200,2016-04-25,1,388,402,0.965174129353234,2016-04-24,12405,9.84000015258789,4005,117,16,141,692,274,0.2836438923395445,0.32285368802902054,0.42700729927007297,0.9189979059667511,0.04617622338648286
8378563200,2016-04-25,1,388,402,0.965174129353234,2016-04-24,12405,9.84000015258789,4005,117,16,141,692,274,0.2836438923395445,0.32285368802902054,0.42700729927007297,0.9189979059667511,0.04617622338648286
8378563200,2016-04-26,1,550,584,0.9417808219178082,2016-04-25,16208,12.8500003814697,3763,90,18,161,593,269,0.31206496519721577,0.23216929911154985,0.3345724907063197,0.9189979059667511,0.02278291595105708
8378563200,2016-04-27,1,531,600,0.885,2016-04-26,7359,5.84000015258789,3061,4,4,192,676,200,0.228310502283105,0.4159532545182769,0.02,0.9189979059667511,-0.03399790596675112
8378563200,2016-04-28,1,506,556,0.9100719424460432,2016-04-27,5417,4.30000019073486,2884,11,10,139,711,160,0.18369690011481057,0.5323980062765369,0.06875,0.9189979059667511,-0.008925963520707958
8378563200,2016-04-29,1,527,562,0.9377224199288255,2016-04-28,6175,4.90000009536743,2982,3,7,172,767,182,0.1917808219178082,0.48291497975708503,0.016483516483516484,0.9189979059667511,0.01872451396207442
8378563200,2016-04-30,1,468,555,0.8432432432432433,2016-04-29,2946,2.33999991416931,2660,0,0,121,780,121,0.13429522752497225,0.902919212491514,0.0,0.9189979059667511,-0.07575466272350784
8378563200,2016-05-01,1,475,539,0.8812615955473099,2016-04-30,11419,9.0600004196167,3369,71,10,127,669,208,0.23717217787913342,0.29503459147035643,0.34134615384615385,0.9189979059667511,-0.037736310419441255
8378563200,2016-05-02,1,351,385,0.9116883116883115,2016-05-01,6064,4.80999994277954,3491,63,4,142,802,209,0.20672601384767555,0.5756926121372031,0.3014354066985646,0.9189979059667511,-0.0073095942784395795
8378563200,2016-05-03,1,405,429,0.944055944055944,2016-05-02,8712,6.90999984741211,3784,71,20,195,822,286,0.2581227436823105,0.43434343434343436,0.24825174825174826,0.9189979059667511,0.025058038089192824
8378563200,2016-05-04,1,441,477,0.9245283018867924,2016-05-03,7875,6.23999977111816,3110,19,10,167,680,196,0.2237442922374429,0.3949206349206349,0.09693877551020408,0.9189979059667511,0.005530395920041231
8378563200,2016-05-05,1,381,417,0.9136690647482014,2016-05-04,8567,6.78999996185303,3783,66,3,214,764,283,0.2702960840496657,0.44157814871016693,0.2332155477031802,0.9189979059667511,-0.005328841218549707
8378563200,2016-05-06,1,323,355,0.9098591549295776,2016-05-05,7045,5.59000015258789,3644,74,5,166,831,245,0.22769516728624536,0.5172462739531583,0.3020408163265306,0.9189979059667511,-0.009138751037173543
8378563200,2016-05-07,2,459,513,0.8947368421052632,2016-05-06,4468,3.53999996185303,2799,0,0,158,851,158,0.1565906838453915,0.6264547896150403,0.0,0.9189979059667511,-0.024261063861487964
8378563200,2016-05-08,1,545,606,0.8993399339933993,2016-05-07,2943,2.32999992370605,2685,0,0,139,621,139,0.18289473684210528,0.9123343527013251,0.0,0.9189979059667511,-0.01965797197335184
8378563200,2016-05-09,1,359,399,0.899749373433584,2016-05-08,8382,6.65000009536743,3721,71,13,171,772,255,0.24829600778967867,0.44392746361250296,0.2784313725490196,0.9189979059667511,-0.019248532533167162
8378563200,2016-05-10,1,342,391,0.8746803069053708,2016-05-09,6582,5.21999979019165,3586,63,13,152,840,228,0.21348314606741572,0.5448192038893953,0.27631578947368424,0.9189979059667511,-0.04431759906138033
8378563200,2016-05-11,1,368,387,0.9509043927648578,2016-05-10,9143,7.25,3788,72,10,184,763,266,0.2585034013605442,0.4143060264683364,0.2706766917293233,0.9189979059667511,0.031906486798106704
8378563200,2016-05-12,1,496,546,0.9084249084249084,2016-05-11,4561,3.61999988555908,1976,8,6,102,433,116,0.21129326047358835,0.4332383249287437,0.06896551724137931,0.9189979059667511,-0.01057299754184271
8792009665,2016-04-12,1,458,493,0.9290060851926978,2016-04-11,2564,1.63999998569489,2044,0,0,116,831,116,0.12249208025343189,0.797191887675507,0.0,0.9603924591769254,-0.03138637398422761
8792009665,2016-04-13,1,531,552,0.9619565217391304,2016-04-12,1320,0.839999973773956,1934,0,0,82,806,82,0.09234234234234234,1.465151515151515,0.0,0.9603924591769254,0.001564062562204982
8792009665,2016-04-14,1,486,503,0.9662027833001988,2016-04-13,1219,0.779999971389771,1963,0,0,84,853,84,0.08964781216648879,1.6103363412633307,0.0,0.9603924591769254,0.005810324123273425
8792009665,2016-04-15,1,363,377,0.9628647214854112,2016-04-14,2483,1.5900000333786,2009,0,0,126,937,126,0.11853245531514581,0.8091018928715263,0.0,0.9603924591769254,0.002472262308485851
8792009665,2016-04-20,1,528,547,0.9652650822669104,2016-04-19,3147,2.00999999046326,2188,0,10,139,744,149,0.16685330347144456,0.6952653320622816,0.0,0.9603924591769254,0.00487262308998504
8792009665,2016-04-22,1,391,407,0.9606879606879608,2016-04-21,4068,2.59999990463257,2419,1,20,195,817,216,0.2090997095837367,0.5946411012782694,0.004629629629629629,0.9603924591769254,0.000295501511035412
8792009665,2016-04-23,1,339,360,0.9416666666666668,2016-04-22,5245,3.35999989509583,2748,8,45,232,795,285,0.2638888888888889,0.5239275500476644,0.028070175438596492,0.9603924591769254,-0.018725792510258632
8792009665,2016-04-27,1,423,428,0.9883177570093458,2016-04-26,1758,1.12999999523163,2067,0,0,112,900,112,0.11067193675889328,1.1757679180887373,0.0,0.9603924591769254,0.02792529783242037
8792009665,2016-04-28,1,402,416,0.966346153846154,2016-04-27,6157,3.94000005722046,2780,0,0,310,714,310,0.302734375,0.45151859671918143,0.0,0.9603924591769254,0.005953694669228571
8792009665,2016-04-29,1,398,406,0.9802955665024632,2016-04-28,8360,5.34999990463257,3101,6,14,380,634,400,0.38684719535783363,0.370933014354067,0.015,0.9603924591769254,0.019903107325537794
8792009665,2016-04-30,1,343,360,0.9527777777777776,2016-04-29,7174,4.59000015258789,2896,10,20,301,749,331,0.30648148148148147,0.4036799553944801,0.030211480362537766,0.9603924591769254,-0.007614681399147782
8792009665,2016-05-01,1,503,527,0.9544592030360532,2016-04-30,1619,1.03999996185303,1962,0,0,79,834,79,0.08652792990142388,1.2118591723285979,0.0,0.9603924591769254,-0.005933256140872145
8792009665,2016-05-02,1,415,423,0.9810874704491724,2016-05-01,1831,1.16999995708466,2015,0,0,101,916,101,0.09931170108161258,1.1004915346805024,0.0,0.9603924591769254,0.020695011272247044
8792009665,2016-05-03,1,516,545,0.946788990825688,2016-05-02,2421,1.54999995231628,2297,0,0,156,739,156,0.17430167597765364,0.9487814952498967,0.0,0.9603924591769254,-0.01360346835123738
8792009665,2016-05-04,1,439,463,0.9481641468682506,2016-05-03,2283,1.46000003814697,2067,0,0,129,848,129,0.13203684749232344,0.9053876478318003,0.0,0.9603924591769254,-0.012228312308674827
